-- username: admin
-- password: 123456
insert into "user" (id, username, hash_password, email, jira_email)
values  (1, 'admin', '$2a$10$cneLGjBFt43VI8L8Y3l0we1uWCcd4p1MLfE3m8pc2khY9HvUzO7u2', 'test@arrow-tech.vn', null);

insert into user_role (user_id, role_id)
values  (1, 1);

insert into status (name)
values  ('Wait for confirm'),
        ('__create__'),
        ('__delete__'),
        ('Repairing'),
        ('In Use'),
        ('In Stock');

insert into role (name)
values  ('intern'),
        ('accountant'),
        ('Dev1');

insert into jira_project (id, name, url, sort)
values  (2, 'SARS', 'https://arrowtech02.atlassian.net', 2),
        (3, 'UNITY', 'https://arrowtech03.atlassian.net', 3),
        (4, 'DRONE, DOC OCR, AMATAKE', 'https://arrowtech04.atlassian.net', 4),
        (1, 'LPIC, ATV Management', 'https://arrowtech.atlassian.net', 1);

insert into skill_category (id, name, description, sort)
values  (151, 'Package Management', null, 13),
        (152, 'Programming Languages', null, 14),
        (153, 'Client side', null, 15),
        (154, 'Source Control', null, 16),
        (155, 'Business knowledge ', null, 17),
        (156, 'Foreign Languages', null, 18),
        (157, 'Mobile Platform', null, 19),
        (158, 'PM Tools', null, 20),
        (159, '3D Programming', null, 21),
        (160, 'Design', null, 22),
        (161, 'AI/Machine Learning', null, 23),
        (164, 'Cloud services', null, 24),
        (139, 'Development Phases', null, 1),
        (140, 'Operating System', null, 2),
        (141, 'Technologies', null, 3),
        (142, 'Web servers', null, 4),
        (143, 'Development Process', null, 5),
        (144, 'Frameworks', null, 6),
        (145, 'Mobile Library', null, 7),
        (146, 'Virtualization', null, 8),
        (147, 'Databases', null, 9),
        (148, 'Support Tools', null, 10),
        (149, 'Testing', null, 11),
        (150, 'Opensource CMS', null, 12);

insert into skill (id, category_id, name, description, tag)
values  (1116, 152, 'HTML5/CSS3', null, null),
        (1068, 147, 'IBM DB2', null, null),
        (1028, 142, 'IIS', null, null),
        (1117, 153, 'MaterializedUI', null, null),
        (1086, 151, 'Maven', null, null),
        (1040, 144, 'Java/struts', null, null),
        (1090, 152, 'R', null, null),
        (1024, 141, 'Memcached', null, null),
        (1004, 145, 'React Native', null, null),
        (1170, 152, 'Solidity', 'Ngôn ngữ code smart constract', null),
        (1168, 148, 'Team City', 'Team City', null),
        (1078, 149, 'TestNG', null, null),
        (1031, 142, 'Jetty', null, null),
        (996, 139, 'Integration Test', null, null),
        (1011, 141, 'Microservices', null, null),
        (1069, 147, 'Microsoft Access', null, null),
        (1061, 147, 'MongoDB', null, null),
        (1066, 147, 'My SQL', null, null),
        (1033, 142, 'nginx', null, null),
        (1029, 142, 'Tomcat', null, null),
        (1026, null, 'Node.js', null, null),
        (1119, 153, 'Vuejs', null, null),
        (1165, 148, 'Travis CI', 'Travis CI', null),
        (1034, 143, 'Waterfall/RUP', null, null),
        (1085, 150, 'EC-CUBE', null, null),
        (1079, 149, 'Arquillian', null, null),
        (1121, null, 'Web build (grunt, gulp... )', null, null),
        (1101, 152, 'ASP.NET', null, null),
        (1051, 144, 'ASP/MVC', null, null),
        (1023, 141, 'Web Service', null, null),
        (1006, 141, 'Web Socket', null, null),
        (1025, null, 'WebSocket', null, null),
        (1000, 140, 'UNIX', null, null),
        (1027, 141, 'Elastic Search', null, null),
        (1072, 149, 'Jmeter', null, null),
        (1056, 145, 'Ionic', null, null),
        (1037, 144, 'Node/Express', null, null),
        (1012, 141, 'ELK stack', null, null),
        (1030, 142, 'Wildfly', null, null),
        (1083, 150, 'Joomla', null, null),
        (1110, 152, 'UNIX shell', null, null),
        (1001, 140, 'Windows', null, null),
        (1014, 141, 'Windows Form', null, null),
        (1007, 141, 'Firebase', null, null),
        (1082, 150, 'Wordpress', null, null),
        (1054, 145, 'jQuery Mobile', null, null),
        (1005, 145, 'Flutter Mobile', null, null),
        (1163, 151, 'NPM', 'NPM JS package manegement', null),
        (1128, 154, 'Git', null, null),
        (1166, 148, 'Github Action', 'Github Action', null),
        (1164, 148, 'Gitlab CI', 'Gitlab CI', null),
        (1114, 152, 'Golang', null, null),
        (1162, 151, 'Yarn', 'Yarn JS framework', null),
        (1022, 164, 'Google Cloud', null, null),
        (1088, 151, 'Gradle', null, null),
        (1091, 152, 'Grovy', null, null),
        (1017, 141, 'J2EE', null, null),
        (1016, null, 'J2SE', null, null),
        (1171, 161, 'Word2Vec', null, null),
        (1008, 141, 'Hadoop', null, null),
        (1099, 152, 'VB.NET', null, null),
        (1112, 152, 'Jasper Report', null, null),
        (1103, 152, 'Java', null, null),
        (1064, 147, 'HSQL', null, null),
        (1044, 144, 'Java/Hibernate', null, null),
        (1039, 144, 'Java/JSF', null, null),
        (1122, 153, 'jQuery/jQuery UI', null, null),
        (1042, null, 'Java/Play', null, null),
        (1106, 152, 'JSP/JSF & Servlets', null, null),
        (1075, 149, 'JUnit', null, null),
        (1095, 152, 'Objective C', null, null),
        (1058, 146, 'VirtualBox', null, null),
        (1010, 141, 'Kafka', null, null),
        (1073, 149, 'Karma', null, null),
        (1092, 152, 'Kottlin', null, null),
        (1038, 144, 'Java/Play Framework', null, null),
        (1172, 161, 'FastText', null, null),
        (1035, 143, 'Agile/Scrum', null, null),
        (1036, 143, 'Agile/XP', null, null),
        (1087, 151, 'Ant', null, null),
        (1157, 164, 'Azure', 'Microsoft Azure', null),
        (1167, 148, 'Bitbucket Pipeline', 'Bitbucket Pipeline', null),
        (1123, 153, 'Bootstrap', null, null),
        (1096, 152, 'C/C++', null, null),
        (1100, 152, 'C#.NET', null, null),
        (995, 139, 'Code & Unit Test', null, null),
        (1015, 141, 'COM/DCOM, ActiveX', null, null),
        (1169, 152, 'Dart', null, null),
        (994, 139, 'Detail Design', null, null),
        (1059, 141, 'Docker', null, null),
        (1020, 141, 'Location base service', null, null),
        (1081, 150, 'Drupal', null, null),
        (1055, 145, 'PhoneGap', null, null),
        (1097, 152, 'Visual Basic', null, null),
        (1046, 144, 'php/cakePHP', null, null),
        (1041, 144, 'Java/seasar2', null, null),
        (1098, 152, 'Visual C++/MFC', null, null),
        (1057, 146, 'VMWare', null, null),
        (993, 139, 'Logical Design', null, null),
        (999, 140, 'MACOS', null, null),
        (1043, 144, 'Java/Spring', null, null),
        (1084, 150, 'Magento', null, null),
        (1032, 142, 'Apache', null, null),
        (1173, 161, 'Word embedding', null, null),
        (1174, 161, 'RNN Networks', null, null),
        (1175, 144, 'PyQT', 'QT GUI for python ', null),
        (1144, 159, 'Argumented Reality (AR)', null, null),
        (1142, 159, 'Blender', null, null),
        (1111, 152, 'Crystal Reports', null, null),
        (1003, 141, 'Decentralized (Blockchain)', null, null),
        (1104, 152, 'Delphi', null, null),
        (1113, 152, 'PL/SQL', null, null),
        (1065, 147, 'Postgres SQL', null, null),
        (1070, 148, 'Postman', null, null),
        (1102, 152, 'Python', null, null),
        (1052, 144, 'Python/Django', null, null),
        (1158, 161, 'Pytorch', 'ML library', null),
        (1009, 141, 'RabitMQ', null, null),
        (1127, 153, 'React', null, null),
        (1062, 147, 'Redis', null, null),
        (1140, 158, 'Redmine', null, null),
        (998, 139, 'Deployment', null, null),
        (992, 139, 'Requirement Analysis', null, null),
        (1093, 152, 'Design Pattern', null, null),
        (1134, 156, 'English', null, null),
        (1108, 152, 'Ruby', null, null),
        (1045, 144, 'Ruby on Rail', null, null),
        (997, 139, 'Acceptance Test', null, '[1]'),
        (1109, 152, 'Action Script', null, '[2]'),
        (1148, 160, 'Adobe After Effect', null, '[2]'),
        (1131, 155, 'Finance ', null, null),
        (1156, 164, 'Sakura Cloud', 'Sakura Cloud in Japan', null),
        (1124, null, 'Sass/Less', null, null),
        (1074, 149, 'Selelium', null, null),
        (1118, 153, 'SemanticUI', null, null),
        (1149, 160, 'Adobe Audition', null, '[2]'),
        (1151, 160, 'Adobe Illustrator', null, '[2]'),
        (1150, 160, 'Adobe Photoshop', null, null),
        (1147, 160, 'Adobe Premiere', null, null),
        (1021, 164, 'Amazon Cloud (AWS)', null, null),
        (1136, 157, 'Android', null, null),
        (1125, 153, 'Angular JS', null, null),
        (1120, 153, 'Angular2+', null, null),
        (1161, 144, 'Flask', 'Python flask', null),
        (1018, 141, 'Image Processing', null, null),
        (1126, 153, 'Sencha ExtJs', null, null),
        (1053, 145, 'Sencha Touch', null, null),
        (1159, 160, 'Sketchup', 'Sketchup', null),
        (1133, 155, 'Inventory ', null, null),
        (1019, 141, 'Social Network API', null, null),
        (1063, 147, 'SQL Server', null, null),
        (1067, 147, 'SQLite', null, null),
        (1137, 157, 'IPHONE (X-Code)', null, null),
        (1115, 152, 'Javascript', null, null),
        (1071, 148, 'Jenkins CI', null, null),
        (1002, 140, 'Sun Solaris', null, null),
        (1139, 158, 'JIRA', null, null),
        (1132, 155, 'Supply chains ', null, null),
        (1080, 149, 'jMockit/Mockito', null, null),
        (1154, 161, ' CNNs Networks', null, null),
        (1129, 154, 'SVN', null, null),
        (1141, 159, 'Maya', null, null),
        (1094, 152, 'Swift', null, null),
        (991, 139, 'System Test', null, null),
        (1153, 161, 'Tensorflow', null, null),
        (1089, 152, 'TypeScript', null, null),
        (1145, 159, 'Unity 3D', null, null),
        (1146, 160, 'User Experience (UX)', null, null),
        (1143, 159, 'Virtual Reality (VR)', null, null),
        (1138, 157, 'WINDOWS Phone', null, null),
        (1130, 154, 'Mercurial', null, null),
        (1160, 158, 'Microsoft Project', 'Microsoft Project', null),
        (1152, 161, 'Natural Language Processing', null, null),
        (1076, 149, 'NUnit', null, null),
        (1155, 161, 'OpenCV', null, null),
        (1060, 147, 'ORACLE', null, null),
        (1013, 141, 'OWAPS', null, null),
        (1105, 152, 'Perl', null, null),
        (1107, 152, 'PHP', null, null),
        (1048, 144, 'php/codeigniter', null, null),
        (1047, 144, 'php/Laravel', null, null),
        (1050, 144, 'php/Yii', null, null),
        (1049, 144, 'php/zend', null, null),
        (1077, 149, 'PHPUnit', null, null),
        (1135, 156, '日本語', null, null);

insert into business_skill_category (id, name, description, sort)
values  (1, 'アプリケーションシステム開発​​(Application system development)', null, 1),
        (2, 'システムテスト​(System test)', null, 2),
        (3, '移行・導入​(Installation-Migration)', null, 3),
        (4, 'ソフトウェア保守​(Software maintenance)', null, 4),
        (5, 'プロジェクトマネジメント​(Project management)', null, 5),
        (6, '情報セキュリティマネジメント​(Information security management)', null, 6),
        (7, '品質マネジメント​(Quality management)', null, 7),
        (8, '契約管理​(Contract management)', null, 8);

insert into business_skill (id, category_id, name, description)
values  (3, 1, '開発環境構築​(​Environment configuration)', null),
        (1, 1, 'ソフトウェア要件定義​(Software requirement definition)', null),
        (5, 1, '業務プロセス設計​(Business process design)', null),
        (6, 1, 'ソフトウェア詳細設計​(Software detail design)', null),
        (7, 1, 'ソフトウェアコード作成・単体テスト​(Software coding - Unit test)', null),
        (8, 1, 'ソフトウェア結合テスト​(Software integration test)', null),
        (9, 2, 'システムテスト計画策定​(System test planing)', null),
        (10, 2, 'システムテスト実施​(System test implementation)', null),
        (11, 3, '移行​(Migration)', null),
        (12, 3, '受入れテスト​(Acceptance test)', null),
        (13, 3, '運用テスト​(Operation test)', null),
        (14, 3, '導入​(Installation)', null),
        (16, 4, '問題の調査と分析​(Problem investigation and analysis)', null),
        (17, 5, 'プロジェクト立ち上げ​(Project launching)', null),
        (23, 5, 'プロジェクト個別の品質マネジメント​(Quality management for individual project)', null),
        (21, 5, 'プロジェクト追跡と実行管理​(Project tracking and running management)', null),
        (25, 6, '情報セキュリティの運用​(Information security operation)', null),
        (26, 6, '情報セキュリティの見直し​(Review information security)', null),
        (28, 7, '組織全体の品質マネジメント​(Quality management for whole organization)', null),
        (22, 5, 'プロジェクト終結​(Project closing)', null),
        (15, 4, '保守の方針と計画の策定​(Planning maintenance policy and method)', null),
        (20, 5, 'プロジェクト計画策定​(Project planning)', null),
        (24, 6, '情報セキュリティ戦略と方針の策定​(Planning information security policy and method)', null),
        (27, 7, '品質管理のコントロール​(Quality control)', null),
        (30, 8, '契約変更管理​(Contract changing management)', null),
        (29, 8, '契約締結管理​(Contract closing management)', null),
        (2, 1, 'ソフトウェア方式設計​(Software method design)', null),
        (4, 1, 'アプリケーション共通基盤設計・構築​(Design and build application common base) ', null);

delete from task_status where 1=1;
insert into task_status (id, name)
values  (1, 'Initation'),
        (2, 'Plan'),
        (3, 'Executing'),
        (4, 'Close');